rsID;pValueExponent;pValueMantissa;orValue;betaNum;betaUnit;betaDirection;CIMax;CIMin;expression;traitName;type;NumOfIndividualsInStudy;strongestAllele
rs16891982;-12;1;0.0;0.84;unit;increase;0.0;0.0;(eye color);eye color;TYPE.APPEARANCE;9126;C
rs16891982;-16;1;0.0;0.8276;unit;increase;1.02];[0.63;(Eye color phototype score);eye color;TYPE.APPEARANCE;4988;?
rs16891982;-13;2;0.0;0.2339;unit;decrease;0.3];[0.17;(Eye color);eye color;TYPE.APPEARANCE;4988;?
rs16891982;-255;2;0.0;0.654;unit;decrease;0.69];[0.62;(EA);eye color;TYPE.APPEARANCE;157485;G
rs16891982;-17;5;0.0;0.257568;unit;increase;0.32];[0.2;Unknown;eye color;TYPE.APPEARANCE;4987;C
rs1393350;-9;3;0.0;0.28;unit;decrease;0.0;0.0;(eye color);eye color;TYPE.APPEARANCE;9126;A
rs12896399;-11;4;0.0;0.33;unit;increase;0.43];[0.23;(Blue eye color);eye color;TYPE.APPEARANCE;3871;G
rs12896399;-16;1;0.0;0.34;unit;decrease;0.0;0.0;(eye color);eye color;TYPE.APPEARANCE;9126;T
rs12896399;-11;4;0.0;0.33;unit;increase;0.43];[0.23;(Blue eye color);eye color;TYPE.APPEARANCE;3871;G
rs12896399;-16;1;0.0;0.34;unit;decrease;0.0;0.0;(eye color);eye color;TYPE.APPEARANCE;9126;T
rs12913832;-177;1;0.0;2.82;unit;increase;3.02];[2.62;(Brown eye color);eye color;TYPE.APPEARANCE;3871;A
rs12913832;-158;1;0.0;2.84;unit;decrease;3.06];[2.62;(Blue eye color);eye color;TYPE.APPEARANCE;3871;G
rs12913832;-300;1;0.0;2.49;unit;increase;0.0;0.0;(eye color);eye color;TYPE.APPEARANCE;9126;A
rs12203592;-15;2;0.0;0.42;unit;decrease;0.0;0.0;(eye color);eye color;TYPE.APPEARANCE;9126;T
rs12203592;-13;5;0.0;0.46824425;unit;decrease;0.59];[0.34;(Eye color (dark));eye color;TYPE.APPEARANCE;4988;?
rs12203592;-10;7;0.0;0.6112;unit;decrease;0.81];[0.42;(Eye color phototype score);eye color;TYPE.APPEARANCE;4988;?
rs12203592;-11;2;0.0;0.2115;unit;increase;0.27];[0.15;(Eye color);eye color;TYPE.APPEARANCE;4988;?
rs12203592;-321;2;0.0;0.385;unit;decrease;0.4];[0.37;(EA);eye color;TYPE.APPEARANCE;157485;T
rs12203592;-11;3;0.0;0.209556;unit;decrease;0.27];[0.15;Unknown;eye color;TYPE.APPEARANCE;4987;T
rs12913832;-177;1;0.0;2.82;unit;increase;3.02];[2.62;(Brown eye color);eye color;TYPE.APPEARANCE;3871;A
rs12913832;-158;1;0.0;2.84;unit;decrease;3.06];[2.62;(Blue eye color);eye color;TYPE.APPEARANCE;3871;G
rs12913832;-300;1;0.0;2.49;unit;increase;0.0;0.0;(eye color);eye color;TYPE.APPEARANCE;9126;A
rs112244493;-18;7;0.0;0.263;unit;increase;0.32];[0.2;Unknown;eye color;TYPE.APPEARANCE;1108;G
rs7161974;-25;5;0.0;0.405552;unit;increase;0.48];[0.33;Unknown;eye color;TYPE.APPEARANCE;4987;T
rs7174027;-85;1;0.0;0.511366;unit;increase;0.56];[0.46;Unknown;eye color;TYPE.APPEARANCE;4987;A
rs7182377;-33;4;0.0;0.394566;unit;increase;0.46];[0.33;Unknown;eye color;TYPE.APPEARANCE;4987;G
rs72714109;-35;2;0.0;0.32768;unit;increase;0.38];[0.28;Unknown;eye color;TYPE.APPEARANCE;4987;C
rs72714114;-8;1;0.0;0.201079;unit;increase;0.27];[0.13;Unknown;eye color;TYPE.APPEARANCE;4987;G
rs745333093;-19;2;0.0;0.453793;unit;increase;0.55];[0.36;Unknown;eye color;TYPE.APPEARANCE;4987;A
rs748125345;-17;2;0.0;0.60715;unit;increase;0.75];[0.47;Unknown;eye color;TYPE.APPEARANCE;4987;CCACACACACA
rs7494942;-186;4;0.0;0.626421;unit;increase;0.67];[0.59;Unknown;eye color;TYPE.APPEARANCE;4987;A
rs755407864;-44;5;0.0;0.640537;unit;decrease;0.73];[0.55;Unknown;eye color;TYPE.APPEARANCE;4987;CA
rs79743671;-28;9;0.0;0.370635;unit;increase;0.44];[0.3;Unknown;eye color;TYPE.APPEARANCE;4987;A
rs8033755;-20;1;0.0;0.674277;unit;increase;0.82];[0.53;Unknown;eye color;TYPE.APPEARANCE;4987;C
rs869190367;-44;4;0.0;0.564306;unit;increase;0.64];[0.49;Unknown;eye color;TYPE.APPEARANCE;4987;C
rs35409;-10;1;0.0;0.224992;unit;increase;0.29];[0.16;Unknown;eye color;TYPE.APPEARANCE;4987;G
rs35934407;-10;2;0.0;0.23109;unit;decrease;0.3];[0.16;Unknown;eye color;TYPE.APPEARANCE;4987;A
rs373425948;-47;3;0.0;0.560708;unit;increase;0.64];[0.49;Unknown;eye color;TYPE.APPEARANCE;4987;T
rs373468882;-31;2;0.0;0.546008;unit;increase;0.64];[0.45;Unknown;eye color;TYPE.APPEARANCE;4987;T
rs397854007;-44;2;0.0;0.626451;unit;increase;0.71];[0.54;Unknown;eye color;TYPE.APPEARANCE;4987;C
rs4074658;-40;3;0.0;0.285344;unit;decrease;0.33];[0.24;Unknown;eye color;TYPE.APPEARANCE;4987;C
rs4238497;-13;7;0.0;0.400186;unit;decrease;0.51];[0.29;Unknown;eye color;TYPE.APPEARANCE;4987;A
rs4778137;-44;7;0.0;0.306655;unit;increase;0.35];[0.26;Unknown;eye color;TYPE.APPEARANCE;4987;G
rs4778138;-122;7;0.0;0.549645;unit;increase;0.59];[0.51;Unknown;eye color;TYPE.APPEARANCE;4987;G
rs4778241;-120;3;0.0;0.530439;unit;increase;0.57];[0.49;Unknown;eye color;TYPE.APPEARANCE;4987;A
rs529312329;-8;1;0.0;0.443164;unit;increase;0.6];[0.29;Unknown;eye color;TYPE.APPEARANCE;4987;T
rs533994436;-20;8;0.0;0.943951;unit;decrease;1.15];[0.74;Unknown;eye color;TYPE.APPEARANCE;4987;C
rs548590936;-8;3;0.0;0.228429;unit;increase;0.31];[0.15;Unknown;eye color;TYPE.APPEARANCE;4987;T
rs556360317;-9;3;0.0;0.486142;unit;increase;0.65];[0.33;Unknown;eye color;TYPE.APPEARANCE;4987;T
rs56743903;-32;1;0.0;0.467037;unit;increase;0.54];[0.39;Unknown;eye color;TYPE.APPEARANCE;4987;A
rs575299612;-18;6;0.0;0.361426;unit;increase;0.44];[0.28;Unknown;eye color;TYPE.APPEARANCE;4987;CA
rs5811535;-18;4;0.0;0.53277;unit;increase;0.65];[0.41;Unknown;eye color;TYPE.APPEARANCE;4987;AT
rs58836608;-28;8;0.0;0.313607;unit;increase;0.37];[0.26;Unknown;eye color;TYPE.APPEARANCE;4987;G
rs58843292;-67;8;0.0;0.494042;unit;increase;0.55];[0.44;Unknown;eye color;TYPE.APPEARANCE;4987;A
rs62007489;-59;7;0.0;0.482686;unit;decrease;0.54];[0.42;Unknown;eye color;TYPE.APPEARANCE;4987;T
rs111433258;-90;2;0.0;0.543272;unit;increase;0.59];[0.49;Unknown;eye color;TYPE.APPEARANCE;4987;G
rs111446662;-28;6;0.0;0.491405;unit;increase;0.58];[0.4;Unknown;eye color;TYPE.APPEARANCE;4987;T
rs111458470;-145;3;0.0;0.581791;unit;increase;0.62];[0.54;Unknown;eye color;TYPE.APPEARANCE;4987;A
rs111593432;-11;8;0.0;0.688656;unit;increase;0.9];[0.48;Unknown;eye color;TYPE.APPEARANCE;4987;G
rs112483884;-12;4;0.0;0.24379;unit;increase;0.31];[0.17;Unknown;eye color;TYPE.APPEARANCE;4987;C
rs1129038;-28539;2;0.0;2.60527;unit;decrease;2.62];[2.59;(EA);eye color;TYPE.APPEARANCE;157485;T
rs1129038;-523;1;0.0;0.982798;unit;decrease;1.02];[0.95;Unknown;eye color;TYPE.APPEARANCE;4987;T
rs11324616;-86;2;0.0;0.551532;unit;increase;0.61];[0.5;Unknown;eye color;TYPE.APPEARANCE;4987;GA
rs11365574;-30;2;0.0;0.541993;unit;increase;0.63];[0.45;Unknown;eye color;TYPE.APPEARANCE;4987;CT
rs11396433;-34;7;0.0;0.469668;unit;increase;0.54];[0.39;Unknown;eye color;TYPE.APPEARANCE;4987;T
rs115000158;-13;1;0.0;0.523761;unit;increase;0.66];[0.39;Unknown;eye color;TYPE.APPEARANCE;4987;A
rs1157572508;-10;7;0.0;0.248924;unit;decrease;0.33];[0.17;Unknown;eye color;TYPE.APPEARANCE;4987;TGATAGATA
rs11636232;-197;3;0.0;0.85448;unit;decrease;0.91];[0.8;Unknown;eye color;TYPE.APPEARANCE;4987;T
rs116879078;-12;1;0.0;0.426668;unit;increase;0.54];[0.31;Unknown;eye color;TYPE.APPEARANCE;4987;T
rs117219845;-18;2;0.0;0.41247;unit;increase;0.5];[0.32;Unknown;eye color;TYPE.APPEARANCE;4987;T
rs117325217;-37;5;0.0;0.53636;unit;increase;0.62];[0.45;Unknown;eye color;TYPE.APPEARANCE;4987;T
rs117801799;-8;1;0.0;0.335909;unit;increase;0.45];[0.22;Unknown;eye color;TYPE.APPEARANCE;4987;A
rs118141530;-25;8;0.0;0.53796;unit;increase;0.64];[0.44;Unknown;eye color;TYPE.APPEARANCE;4987;G
rs12203592;-15;2;0.0;0.42;unit;decrease;0.0;0.0;(eye color);eye color;TYPE.APPEARANCE;9126;T
rs12203592;-13;5;0.0;0.46824425;unit;decrease;0.59];[0.34;(Eye color (dark));eye color;TYPE.APPEARANCE;4988;?
rs12203592;-10;7;0.0;0.6112;unit;decrease;0.81];[0.42;(Eye color phototype score);eye color;TYPE.APPEARANCE;4988;?
rs12203592;-11;2;0.0;0.2115;unit;increase;0.27];[0.15;(Eye color);eye color;TYPE.APPEARANCE;4988;?
rs12203592;-321;2;0.0;0.385;unit;decrease;0.4];[0.37;(EA);eye color;TYPE.APPEARANCE;157485;T
rs12203592;-11;3;0.0;0.209556;unit;decrease;0.27];[0.15;Unknown;eye color;TYPE.APPEARANCE;4987;T
rs138862869;-76;3;0.0;0.415655;unit;increase;0.46];[0.37;Unknown;eye color;TYPE.APPEARANCE;4987;AAATG
rs140159633;-14;2;0.0;0.241416;unit;decrease;0.3];[0.18;Unknown;eye color;TYPE.APPEARANCE;4987;T
rs142046335;-37;2;0.0;0.684916;unit;decrease;0.79];[0.58;Unknown;eye color;TYPE.APPEARANCE;4987;G
rs144244730;-9;3;0.0;0.34756;unit;increase;0.46];[0.23;Unknown;eye color;TYPE.APPEARANCE;4987;T
rs144864205;-13;7;0.0;0.616333;unit;increase;0.78];[0.45;Unknown;eye color;TYPE.APPEARANCE;4987;A
rs1449123735;-10;6;0.0;0.334497;unit;increase;0.44];[0.23;Unknown;eye color;TYPE.APPEARANCE;4987;T
rs146550637;-15;3;0.0;0.599414;unit;increase;0.75];[0.45;Unknown;eye color;TYPE.APPEARANCE;4987;T
rs148885596;-19;3;0.0;0.299678;unit;decrease;0.36];[0.23;Unknown;eye color;TYPE.APPEARANCE;4987;G
rs1491544065;-18;1;0.0;0.34391;unit;increase;0.42];[0.27;Unknown;eye color;TYPE.APPEARANCE;4987;CA
rs150231163;-21;1;0.0;0.544393;unit;increase;0.66];[0.43;Unknown;eye color;TYPE.APPEARANCE;4987;C
rs150287021;-13;8;0.0;0.416048;unit;increase;0.53];[0.3;Unknown;eye color;TYPE.APPEARANCE;4987;T
rs150568801;-14;7;0.0;0.650865;unit;increase;0.82];[0.48;Unknown;eye color;TYPE.APPEARANCE;4987;T
rs150763518;-43;2;0.0;0.385548;unit;increase;0.44];[0.33;Unknown;eye color;TYPE.APPEARANCE;4987;G
rs16891982;-12;1;0.0;0.84;unit;increase;0.0;0.0;(eye color);eye color;TYPE.APPEARANCE;9126;C
rs16891982;-16;1;0.0;0.8276;unit;increase;1.02];[0.63;(Eye color phototype score);eye color;TYPE.APPEARANCE;4988;?
rs16891982;-13;2;0.0;0.2339;unit;decrease;0.3];[0.17;(Eye color);eye color;TYPE.APPEARANCE;4988;?
rs16891982;-255;2;0.0;0.654;unit;decrease;0.69];[0.62;(EA);eye color;TYPE.APPEARANCE;157485;G
rs16891982;-17;5;0.0;0.257568;unit;increase;0.32];[0.2;Unknown;eye color;TYPE.APPEARANCE;4987;C
rs192494731;-9;3;0.0;0.654723;unit;increase;0.87];[0.44;Unknown;eye color;TYPE.APPEARANCE;4987;T
rs200426972;-31;4;0.0;0.413979;unit;increase;0.48];[0.34;Unknown;eye color;TYPE.APPEARANCE;4987;T
rs200980383;-10;3;0.0;0.503029;unit;increase;0.66];[0.35;Unknown;eye color;TYPE.APPEARANCE;4987;A
rs201911192;-10;2;0.0;0.326055;unit;increase;0.43];[0.23;Unknown;eye color;TYPE.APPEARANCE;4987;CA
rs202126943;-15;2;0.0;0.231308;unit;increase;0.29];[0.17;Unknown;eye color;TYPE.APPEARANCE;4987;T
rs202195884;-8;3;0.0;0.415444;unit;increase;0.56];[0.27;Unknown;eye color;TYPE.APPEARANCE;4987;C
rs2305252;-21;3;0.0;0.24072;unit;increase;0.29];[0.19;Unknown;eye color;TYPE.APPEARANCE;4987;T
rs2346098;-12;2;0.0;0.385577;unit;increase;0.49];[0.28;Unknown;eye color;TYPE.APPEARANCE;4987;A
rs2525919;-97;7;0.0;0.555648;unit;increase;0.61];[0.5;Unknown;eye color;TYPE.APPEARANCE;4987;T
rs28587058;-16;2;0.0;0.547847;unit;increase;0.68];[0.42;Unknown;eye color;TYPE.APPEARANCE;4987;C
rs28784029;-150;2;0.0;0.833056;unit;decrease;0.89];[0.77;Unknown;eye color;TYPE.APPEARANCE;4987;T
rs34022588;-55;1;0.0;0.424355;unit;increase;0.48];[0.37;Unknown;eye color;TYPE.APPEARANCE;4987;T
rs34369918;-42;2;0.0;0.377395;unit;increase;0.43];[0.32;Unknown;eye color;TYPE.APPEARANCE;4987;C
rs34632582;-10;2;0.0;0.413613;unit;increase;0.54];[0.29;Unknown;eye color;TYPE.APPEARANCE;4987;CA
rs34823980;-50;6;0.0;0.60983;unit;increase;0.69];[0.53;Unknown;eye color;TYPE.APPEARANCE;4987;C
rs76930569;-12;5;0.0;0.526823;unit;increase;0.67];[0.38;Unknown;eye color;TYPE.APPEARANCE;377;T
rs76930569;-12;5;0.0;0.526823;unit;increase;0.67];[0.38;Unknown;eye color;TYPE.APPEARANCE;377;T
rs12896399;-11;4;0.0;0.33;unit;increase;0.43];[0.23;(Blue eye color);eye color;TYPE.APPEARANCE;3871;G
rs12896399;-16;1;0.0;0.34;unit;decrease;0.0;0.0;(eye color);eye color;TYPE.APPEARANCE;9126;T
rs1393350;-9;3;0.0;0.28;unit;decrease;0.0;0.0;(eye color);eye color;TYPE.APPEARANCE;9126;A
rs1667394;-176;3;0.0;0.6088;unit;decrease;0.65];[0.57;(Eye color);eye color;TYPE.APPEARANCE;4988;?
rs1667394;-145;1;0.0;1.5500612;unit;increase;1.68];[1.42;(Eye color (dark));eye color;TYPE.APPEARANCE;4988;?
rs1667394;-163;5;0.0;1.843;unit;increase;1.97];[1.72;(Eye color phototype score);eye color;TYPE.APPEARANCE;4988;?
rs1667394;-176;3;0.0;0.6088;unit;decrease;0.65];[0.57;(Eye color);eye color;TYPE.APPEARANCE;4988;?
rs1667394;-145;1;0.0;1.5500612;unit;increase;1.68];[1.42;(Eye color (dark));eye color;TYPE.APPEARANCE;4988;?
rs1667394;-163;5;0.0;1.843;unit;increase;1.97];[1.72;(Eye color phototype score);eye color;TYPE.APPEARANCE;4988;?
rs12913832;-177;1;0.0;2.82;unit;increase;3.02];[2.62;(Brown eye color);eye color;TYPE.APPEARANCE;3871;A
rs12913832;-158;1;0.0;2.84;unit;decrease;3.06];[2.62;(Blue eye color);eye color;TYPE.APPEARANCE;3871;G
rs12913832;-300;1;0.0;2.49;unit;increase;0.0;0.0;(eye color);eye color;TYPE.APPEARANCE;9126;A
rs12913832;-177;1;0.0;2.82;unit;increase;3.02];[2.62;(Brown eye color);eye color;TYPE.APPEARANCE;3871;A
rs12913832;-158;1;0.0;2.84;unit;decrease;3.06];[2.62;(Blue eye color);eye color;TYPE.APPEARANCE;3871;G
rs12913832;-300;1;0.0;2.49;unit;increase;0.0;0.0;(eye color);eye color;TYPE.APPEARANCE;9126;A
rs1408799;-10;2;0.0;0.4536;unit;increase;0.59];[0.31;(Eye color phototype score);eye color;TYPE.APPEARANCE;4988;?
rs12896399;-11;4;0.0;0.33;unit;increase;0.43];[0.23;(Blue eye color);eye color;TYPE.APPEARANCE;3871;G
rs12896399;-16;1;0.0;0.34;unit;decrease;0.0;0.0;(eye color);eye color;TYPE.APPEARANCE;9126;T
rs12913832;-177;1;0.0;2.82;unit;increase;3.02];[2.62;(Brown eye color);eye color;TYPE.APPEARANCE;3871;A
rs12913832;-158;1;0.0;2.84;unit;decrease;3.06];[2.62;(Blue eye color);eye color;TYPE.APPEARANCE;3871;G
rs12913832;-300;1;0.0;2.49;unit;increase;0.0;0.0;(eye color);eye color;TYPE.APPEARANCE;9126;A
rs12896399;-11;4;0.0;0.33;unit;increase;0.43];[0.23;(Blue eye color);eye color;TYPE.APPEARANCE;3871;G
rs12896399;-16;1;0.0;0.34;unit;decrease;0.0;0.0;(eye color);eye color;TYPE.APPEARANCE;9126;T
rs1667394;-176;3;0.0;0.6088;unit;decrease;0.65];[0.57;(Eye color);eye color;TYPE.APPEARANCE;4988;?
rs1667394;-145;1;0.0;1.5500612;unit;increase;1.68];[1.42;(Eye color (dark));eye color;TYPE.APPEARANCE;4988;?
rs1667394;-163;5;0.0;1.843;unit;increase;1.97];[1.72;(Eye color phototype score);eye color;TYPE.APPEARANCE;4988;?
rs1408799;-10;2;0.0;0.4536;unit;increase;0.59];[0.31;(Eye color phototype score);eye color;TYPE.APPEARANCE;4988;?
rs1667394;-176;3;0.0;0.6088;unit;decrease;0.65];[0.57;(Eye color);eye color;TYPE.APPEARANCE;4988;?
rs1667394;-145;1;0.0;1.5500612;unit;increase;1.68];[1.42;(Eye color (dark));eye color;TYPE.APPEARANCE;4988;?
rs1667394;-163;5;0.0;1.843;unit;increase;1.97];[1.72;(Eye color phototype score);eye color;TYPE.APPEARANCE;4988;?
rs12203592;-15;2;0.0;0.42;unit;decrease;0.0;0.0;(eye color);eye color;TYPE.APPEARANCE;9126;T
rs12203592;-13;5;0.0;0.46824425;unit;decrease;0.59];[0.34;(Eye color (dark));eye color;TYPE.APPEARANCE;4988;?
rs12203592;-10;7;0.0;0.6112;unit;decrease;0.81];[0.42;(Eye color phototype score);eye color;TYPE.APPEARANCE;4988;?
rs12203592;-11;2;0.0;0.2115;unit;increase;0.27];[0.15;(Eye color);eye color;TYPE.APPEARANCE;4988;?
rs12203592;-321;2;0.0;0.385;unit;decrease;0.4];[0.37;(EA);eye color;TYPE.APPEARANCE;157485;T
rs12203592;-11;3;0.0;0.209556;unit;decrease;0.27];[0.15;Unknown;eye color;TYPE.APPEARANCE;4987;T
rs11855019;-98;1;0.0;1.4492135;unit;increase;1.59];[1.31;(Eye color (dark));eye color;TYPE.APPEARANCE;4988;?
rs11855019;-114;9;0.0;1.67;unit;increase;1.81];[1.53;(Eye color phototype score);eye color;TYPE.APPEARANCE;4988;?
rs11855019;-121;2;0.0;0.5488;unit;decrease;0.59];[0.5;(Eye color);eye color;TYPE.APPEARANCE;4988;?
rs1667394;-176;3;0.0;0.6088;unit;decrease;0.65];[0.57;(Eye color);eye color;TYPE.APPEARANCE;4988;?
rs1667394;-145;1;0.0;1.5500612;unit;increase;1.68];[1.42;(Eye color (dark));eye color;TYPE.APPEARANCE;4988;?
rs1667394;-163;5;0.0;1.843;unit;increase;1.97];[1.72;(Eye color phototype score);eye color;TYPE.APPEARANCE;4988;?
rs12203592;-15;2;0.0;0.42;unit;decrease;0.0;0.0;(eye color);eye color;TYPE.APPEARANCE;9126;T
rs12203592;-13;5;0.0;0.46824425;unit;decrease;0.59];[0.34;(Eye color (dark));eye color;TYPE.APPEARANCE;4988;?
rs12203592;-10;7;0.0;0.6112;unit;decrease;0.81];[0.42;(Eye color phototype score);eye color;TYPE.APPEARANCE;4988;?
rs12203592;-11;2;0.0;0.2115;unit;increase;0.27];[0.15;(Eye color);eye color;TYPE.APPEARANCE;4988;?
rs12203592;-321;2;0.0;0.385;unit;decrease;0.4];[0.37;(EA);eye color;TYPE.APPEARANCE;157485;T
rs12203592;-11;3;0.0;0.209556;unit;decrease;0.27];[0.15;Unknown;eye color;TYPE.APPEARANCE;4987;T
rs11855019;-98;1;0.0;1.4492135;unit;increase;1.59];[1.31;(Eye color (dark));eye color;TYPE.APPEARANCE;4988;?
rs11855019;-114;9;0.0;1.67;unit;increase;1.81];[1.53;(Eye color phototype score);eye color;TYPE.APPEARANCE;4988;?
rs11855019;-121;2;0.0;0.5488;unit;decrease;0.59];[0.5;(Eye color);eye color;TYPE.APPEARANCE;4988;?
rs1408799;-10;2;0.0;0.4536;unit;increase;0.59];[0.31;(Eye color phototype score);eye color;TYPE.APPEARANCE;4988;?
rs16891982;-12;1;0.0;0.84;unit;increase;0.0;0.0;(eye color);eye color;TYPE.APPEARANCE;9126;C
rs16891982;-16;1;0.0;0.8276;unit;increase;1.02];[0.63;(Eye color phototype score);eye color;TYPE.APPEARANCE;4988;?
rs16891982;-13;2;0.0;0.2339;unit;decrease;0.3];[0.17;(Eye color);eye color;TYPE.APPEARANCE;4988;?
rs16891982;-255;2;0.0;0.654;unit;decrease;0.69];[0.62;(EA);eye color;TYPE.APPEARANCE;157485;G
rs16891982;-17;5;0.0;0.257568;unit;increase;0.32];[0.2;Unknown;eye color;TYPE.APPEARANCE;4987;C
rs1667394;-176;3;0.0;0.6088;unit;decrease;0.65];[0.57;(Eye color);eye color;TYPE.APPEARANCE;4988;?
rs1667394;-145;1;0.0;1.5500612;unit;increase;1.68];[1.42;(Eye color (dark));eye color;TYPE.APPEARANCE;4988;?
rs1667394;-163;5;0.0;1.843;unit;increase;1.97];[1.72;(Eye color phototype score);eye color;TYPE.APPEARANCE;4988;?
rs12203592;-15;2;0.0;0.42;unit;decrease;0.0;0.0;(eye color);eye color;TYPE.APPEARANCE;9126;T
rs12203592;-13;5;0.0;0.46824425;unit;decrease;0.59];[0.34;(Eye color (dark));eye color;TYPE.APPEARANCE;4988;?
rs12203592;-10;7;0.0;0.6112;unit;decrease;0.81];[0.42;(Eye color phototype score);eye color;TYPE.APPEARANCE;4988;?
rs12203592;-11;2;0.0;0.2115;unit;increase;0.27];[0.15;(Eye color);eye color;TYPE.APPEARANCE;4988;?
rs12203592;-321;2;0.0;0.385;unit;decrease;0.4];[0.37;(EA);eye color;TYPE.APPEARANCE;157485;T
rs12203592;-11;3;0.0;0.209556;unit;decrease;0.27];[0.15;Unknown;eye color;TYPE.APPEARANCE;4987;T
rs11855019;-98;1;0.0;1.4492135;unit;increase;1.59];[1.31;(Eye color (dark));eye color;TYPE.APPEARANCE;4988;?
rs11855019;-114;9;0.0;1.67;unit;increase;1.81];[1.53;(Eye color phototype score);eye color;TYPE.APPEARANCE;4988;?
rs11855019;-121;2;0.0;0.5488;unit;decrease;0.59];[0.5;(Eye color);eye color;TYPE.APPEARANCE;4988;?
rs16891982;-12;1;0.0;0.84;unit;increase;0.0;0.0;(eye color);eye color;TYPE.APPEARANCE;9126;C
rs16891982;-16;1;0.0;0.8276;unit;increase;1.02];[0.63;(Eye color phototype score);eye color;TYPE.APPEARANCE;4988;?
rs16891982;-13;2;0.0;0.2339;unit;decrease;0.3];[0.17;(Eye color);eye color;TYPE.APPEARANCE;4988;?
rs16891982;-255;2;0.0;0.654;unit;decrease;0.69];[0.62;(EA);eye color;TYPE.APPEARANCE;157485;G
rs16891982;-17;5;0.0;0.257568;unit;increase;0.32];[0.2;Unknown;eye color;TYPE.APPEARANCE;4987;C
rs1408799;-10;2;0.0;0.4536;unit;increase;0.59];[0.31;(Eye color phototype score);eye color;TYPE.APPEARANCE;4988;?
rs62330021;-80;1;0.0;0.325;unit;decrease;0.36];[0.29;(EA);eye color;TYPE.APPEARANCE;157485;G
rs16891982;-12;1;0.0;0.84;unit;increase;0.0;0.0;(eye color);eye color;TYPE.APPEARANCE;9126;C
rs16891982;-16;1;0.0;0.8276;unit;increase;1.02];[0.63;(Eye color phototype score);eye color;TYPE.APPEARANCE;4988;?
rs16891982;-13;2;0.0;0.2339;unit;decrease;0.3];[0.17;(Eye color);eye color;TYPE.APPEARANCE;4988;?
rs16891982;-255;2;0.0;0.654;unit;decrease;0.69];[0.62;(EA);eye color;TYPE.APPEARANCE;157485;G
rs16891982;-17;5;0.0;0.257568;unit;increase;0.32];[0.2;Unknown;eye color;TYPE.APPEARANCE;4987;C
rs12203592;-15;2;0.0;0.42;unit;decrease;0.0;0.0;(eye color);eye color;TYPE.APPEARANCE;9126;T
rs12203592;-13;5;0.0;0.46824425;unit;decrease;0.59];[0.34;(Eye color (dark));eye color;TYPE.APPEARANCE;4988;?
rs12203592;-10;7;0.0;0.6112;unit;decrease;0.81];[0.42;(Eye color phototype score);eye color;TYPE.APPEARANCE;4988;?
rs12203592;-11;2;0.0;0.2115;unit;increase;0.27];[0.15;(Eye color);eye color;TYPE.APPEARANCE;4988;?
rs12203592;-321;2;0.0;0.385;unit;decrease;0.4];[0.37;(EA);eye color;TYPE.APPEARANCE;157485;T
rs12203592;-11;3;0.0;0.209556;unit;decrease;0.27];[0.15;Unknown;eye color;TYPE.APPEARANCE;4987;T
rs13297008;-250;5;0.0;0.26;unit;increase;0.28];[0.24;(EA);eye color;TYPE.APPEARANCE;157485;G
rs1126809;-255;2;0.0;0.285;unit;increase;0.3];[0.27;(EA);eye color;TYPE.APPEARANCE;157485;G
rs17184180;-284;1;0.0;0.271;unit;increase;0.29];[0.26;(EA);eye color;TYPE.APPEARANCE;157485;T
rs4778218;-582;1;0.0;0.520119;unit;decrease;0.54];[0.5;Unknown;eye color;TYPE.APPEARANCE;157485;G
rs1129038;-28539;2;0.0;2.60527;unit;decrease;2.62];[2.59;(EA);eye color;TYPE.APPEARANCE;157485;T
rs1129038;-523;1;0.0;0.982798;unit;decrease;1.02];[0.95;Unknown;eye color;TYPE.APPEARANCE;4987;T
rs1740397;-10;1;0.0;6.421;z score;decrease;0.0;0.0;(EA);eye color;TYPE.APPEARANCE;157485;A
rs115950244;-8;4;0.0;5.496;z score;decrease;0.0;0.0;(EA);eye color;TYPE.APPEARANCE;157485;T
rs62370541;-9;6;0.0;5.822;z score;decrease;0.0;0.0;(EA);eye color;TYPE.APPEARANCE;157485;A
rs849142;-9;3;0.0;5.933;z score;decrease;0.0;0.0;(EA);eye color;TYPE.APPEARANCE;157485;T
rs17171519;-8;2;0.0;5.62;z score;decrease;0.0;0.0;(EA);eye color;TYPE.APPEARANCE;157485;T
rs2351061;-8;4;0.0;5.49;z score;decrease;0.0;0.0;(EA);eye color;TYPE.APPEARANCE;157485;A
rs2856344;-9;2;0.0;5.972;z score;decrease;0.0;0.0;(EA);eye color;TYPE.APPEARANCE;157485;A
rs112997627;-8;3;0.0;5.56;z score;increase;0.0;0.0;(EA);eye color;TYPE.APPEARANCE;157485;T
rs1426654;-26;3;0.0;0.684;unit;increase;0.81];[0.56;Unknown;eye color;TYPE.APPEARANCE;157485;G
